,Fecha y hora,Velocidad de viento,Rayos UV,Temperatura,Humedad relativa,Luz/oscuridad,Lluvia
0,Sat Jan 23 22:29:57 2021,0,0,19.899999618530273,70.5,iluminado,Seco
1,Sat Jan 23 22:30:59 2021,0,0,19.799999237060547,70.30000305175781,Oscuro,Seco
2,Sat Jan 23 22:32:06 2021,0,0,19.399999618530273,70.0,Oscuro,Seco
3,Sat Jan 23 22:33:14 2021,0,0,19.600000381469727,70.4000015258789,Oscuro,Seco
4,Sat Jan 23 22:34:46 2021,0,0,19.899999618530273,70.5999984741211,Oscuro,Seco
5,Sat Jan 23 22:35:49 2021,0,0,19.899999618530273,70.69999694824219,iluminado,Seco
6,Sat Jan 23 22:36:52 2021,0,0,19.799999237060547,70.5999984741211,iluminado,Seco
